id,image_feature
773,
774,person indoor yellow cellphone sitting phone table man glasses wearing holding school bed laying group standing people white shirt room
775,indoor person sitting bed room table living man small woman striped laptop blanket baby holding computer bedroom laying phone young zebra people white sleeping elephant standing
776,sitting table blue
777,food sign sitting giraffe pizza blue
778,red stop sign close phone table white food
779,food sitting black close egg computer blurry cat white
780,indoor sitting building mirror cat large room table sink white rug laying living standing bed curtain
781,table indoor cup food sitting coffee bottle doughnut donut computer black desk glass laptop banana keyboard phone hot white
782,food phone
783,sitting computer mouse food white light
784,person grass bottle sitting table food young standing green holding woman man white water pizza
785,person indoor sitting food laying man gray table cat holding black bed eating phone standing red room remote
786,sitting cat man white gray feet standing laying brown close black room holding wearing grey table suit seat living blue phone sleeping curtain
787,indoor table laptop sitting computer desk white small wooden mouse black keyboard phone laying mirror room bed cat
788,riding
789,bench wooden sitting striped black park standing green room cat blue head table white holding living laying
790,cake sitting table paper small food birthday covered laying white bed bag
791,cup food table bottle sitting glass green wine beer laying phone
792,person indoor holding hand man using piece black small sitting red boy remote someone young close orange wearing cutting white video playing game teeth
793,sitting table wooden black orange white laying cat
794,food sign
795,outdoor road cloudy street clouds grass traffic day car walking sign light dark tree standing red large fire water track city man parked train steam riding
796,indoor sitting table computer keyboard black front desk remote monitor light mouse white control holding man laying phone
797,dark sitting food laptop front red man computer holding lit room table cat standing white blurry remote
798,indoor person hand red toothbrush piece close room white sitting table teeth holding food pink brush brushing
799,table indoor sitting wooden red cellphone book food laying orange laptop phone glass computer white mug cat
800,indoor table sitting blue black bed bottle food red laying white standing cat vase glass
801,monitor screen television indoor clock mounted sitting room flat set time black dark large holding display meter phone man
802,dog looking sitting bed cat front laying standing black white holding elephant man room bear
803,indoor food table can sitting man stuffed
804,thing player background close blurry front ball soccer field plane meter cat man red white airplane runway
805,animal looking coral blurry standing bird room group
806,sitting red riding table board skiing snow covered food man white ramp laying fire standing
807,person indoor man computer hand sitting holding close keyboard black using laptop cat white table red remote blurry
808,dark light black sitting laptop traffic standing lit man white street computer screen night large star red television stop bed sign room cat clock
809,food table sitting sandwich pineapple topped fries fruit covered cheese different yellow bun plate meat cut toppings dog pizza
810,indoor sitting table book desk food glass front wooden small open laying bed cat computer water room phone white
811,thing black man white light
812,indoor cup food sitting photo different banana close table fruit coffee
813,cup table glass indoor sitting wine thing glasses water blender clear counter half filled food banana pitcher empty desk pair computer white plate red oranges laying
814,book sitting table computer laptop laying
815,indoor bottle sitting table food holding man white plate refrigerator phone
816,indoor electronics sitting small table donut machine microwave counter stainless steel yellow oven kitchen
817,indoor cup sitting food table black close man holding white wearing woman plate sink red teeth mug ball cat blue kitchen
818,indoor sitting table computer small wooden apple black mouse desk laying keyboard white cat red
819,indoor table sitting food computer sign white room
820,indoor thing sitting book black white old remote table
821,cup indoor table bottle food coffee drink sitting donut doughnut counter tray hot cake glass computer eating plate sandwich keyboard kitchen dog hotdog
822,indoor bottle sitting food holding open table banana hand red computer baby laying hot cat
823,indoor monitor sitting white black screen front old dark computer laptop table man refrigerator sign phone television red standing
824,flying water air white
825,building sitting white sign black man standing holding
826,indoor sitting white computer view black laptop apple room refrigerator bed food mouse light phone
827,food sitting pizza table plate orange filled fork white
828,bottle indoor person holding sitting food refrigerator man phone monitor table large water glass kitchen mug
829,indoor cat sitting small striped food black wearing holding white table bed dog stuffed laying cup
830,indoor table bottle yellow sitting food small holding banana desk counter white plate man laying blender cat kitchen pizza
831,indoor sitting remote black table white control video game food holding laying man wii standing cat
832,indoor sitting table wooden wood small cat cellphone phone black laying food blue
833,electronics indoor computer keyboard monitor desk sitting table laptop black mouse desktop white playing video game man
834,stationary indoor implement pencil table cutting board sitting wooden piece surface cut pair orange knife food laying baseball holding red white bat
835,indoor sitting bottle table orange food close donut laying plate white
836,indoor book sitting table laying food
837,stop red sitting sign food bed white standing field snow
838,nature rainbow sitting
839,indoor table sitting book box laptop food holding phone man
840,indoor table small sitting plastic food little blue holding plate bed laying
841,indoor sitting cat laying bed small table standing little boy young wearing pair food man room zebra white playing
842,remote control indoor sitting television game video holding red wii white man
843,bottle table indoor sitting wooden food front empty small close glass wine laying fruit standing
844,indoor building window blind table sitting bed small black food white desk computer red large room bear holding standing parked
845,indoor cat sitting table small wooden laying white room bed
846,table text sitting plate sign food flower wooden eating cake white
847,bottle indoor food table cup sitting black computer keyboard glass close white
848,person indoor man holding small sitting little hand table standing wearing cat bed young hat food remote laying phone pizza
849,person suit man white wearing shirt side close luggage silver grey blue shower suitcase curtain
850,bottle indoor table refrigerator sitting counter water food kitchen sink open filled green computer desk eating standing laying dog hot holding plate man board white
851,indoor sitting table black white plate bowl laying device
852,indoor sitting can food table little kitchen plate white
853,indoor person sitting holding front table woman man young girl seat computer room white remote
854,indoor sitting small food red bed laying wooden white cat stuffed
855,monitor phone
856,indoor bottle table sitting drink cup food red counter open kitchen desk refrigerator hot computer beer laptop blender black white glass standing keyboard man water holding dog laying hotdog plate
857,table sitting water laptop phone white holding large computer man woman glass group
858,table sitting white glass black large red food computer standing man vase
859,red sitting hat table front computer keyboard desk bird mirror cat white standing train kitchen
860,computer indoor laptop monitor sitting desk table screen small dark keyboard man white mouse room black light television large holding standing desktop bed
861,person hand indoor holding piece small table keyboard food close black using computer cutting someone man white phone player
862,cup coffee table indoor sitting keyboard computer desk food doughnut breakfast laptop donut spoon hot cake fruit topped plate sandwich mouse glass black phone close chocolate white wooden
863,black computer table monitor sitting desk white display sign
864,indoor computer laptop sitting table desk room monitor wooden living keyboard man white standing
865,indoor text sitting table black open laptop computer monitor desk white phone
866,table sitting piece book food laying pair
867,indoor table food sitting counter computer kitchen plate laying pizza
868,indoor monitor computer sitting laptop keyboard desk screen front small table blurry close mouse view someone clock television
869,cat black hat white dog standing man eating head holding mouth laying sleeping blue
870,bottle beverage table food sitting small wooden black glass cutting blue water kitchen white standing
871,indoor sitting bed table paper book bag laptop phone man laying blue sandwich red
872,person indoor hand man holding food remote wearing mirror young suit control shirt head woman phone fruit white brushing cat room standing
873,sitting table glass mirror close food woman holding bottle white plate cup laying
874,indoor black sitting stove monitor clock kitchen oven counter close time silver table steel meter
875,rainbow black dark holding large flying white water man
876,indoor sitting green looking small cat table bed lying black face little stuffed head colorful zebra laying white laptop computer sleeping blue plate
877,indoor person sitting cat yellow holding small hand orange laying black young remote mouth white bed man sleeping playing
878,blurry riding
879,person indoor food man sitting holding front hand eating table red phone kitchen plate coffee pizza standing
880,electronics indoor sitting car camera black steel light oven computer stainless refrigerator silver kitchen room
881,table sitting small dog food wooden holding banana yellow laying water standing board blue riding
882,person man sitting young holding boy feet using small hand little standing phone laptop food eating wearing people hat riding shirt table computer room playing
883,white sitting standing large man bird sink room
884,indoor window table room sitting living white bed large bedroom man computer standing woman desk dog laying red holding
885,text
886,
887,outdoor road building night car street light riding sitting driving traffic city man intersection parking red bus fire stop parked standing yellow hydrant air white sign game people
888,indoor red table sitting half food apple frisbee banana plate white holding cake man pink board
889,clothing indoor curtain man white holding shirt wearing purple red blue
890,monitor sitting white microwave computer oven large remote video laying
891,abstract looking dark sitting light white bowl black blurry
892,sitting blue bag
893,person indoor man looking young bed shirt holding wearing boy standing hand hat head white mouth yellow table laptop large remote room teeth phone brushing video
894,indoor table sitting food holding front small kitchen man black counter eating standing computer plate cat pizza
895,indoor black sitting counter table white kitchen holding man standing cat computer woman oven
896,person man tattoo wearing black looking white hat glasses mouth suit standing brown eating holding eyes young teeth shirt
897,clothing red cellphone phone sweater close stop white shirt wearing table man
898,indoor electronics table computer sitting desk keyboard black mouse small laptop laying wooden kitchen man phone white stove desktop oven room
899,outdoor smoke nature plane coming train airplane clouds air large flying steam mountain cloudy track engine traveling jet water black yellow riding blue man
900,indoor person television living room photo front looking watching screen man sitting woman standing holding large bed
901,table orange sitting red wooden food black white
902,indoor sitting tiled sink tile white table restroom standing mirror room group
903,food indoor table sitting fruit blue counter bowl broccoli meat plate laying
904,indoor electronics sitting monitor white small computer black view mirror laptop table room
905,indoor table sitting small food orange bowl plate blue cake fruit laying white kitchen
906,person holding hand man cellphone phone food glasses glass someone sitting close table blue
907,sign building red stop sitting white light close street night city food standing room man
908,sitting dog brown table food bed yellow laying standing
909,person woman holding cellphone phone sitting hand table young people girl glasses wearing man donut eating stuffed standing playing dog laying elephant plate bear
910,necklace
911,person indoor red small holding hand sitting food close table black cat counter can fruit man kitchen phone remote
912,indoor black sitting white small dark room bed standing large cat table holding mirror laying man
913,red laptop light food
914,indoor sitting window table front kitchen mirror holding woman room white reflection pizza glass desk blurry food living computer man red standing plate
915,indoor bed blue shirt laying table stuffed man bear playing game
916,indoor sitting small black laptop table yellow white room kitchen man phone bed laying clock
917,sitting looking white standing dark man black table laptop large computer light screen cat holding red room woman vase night bed player
918,indoor table sitting cup computer counter laptop desk kitchen glass food keyboard white coffee pizza plate
919,bottle sitting food cat
920,building sitting standing woman table man bench holding room water white large cat umbrella black young ball street bird wooden laying people rain playing red bear city living parked sign phone
921,red indoor plate food table sitting bowl front small dog wearing holding black pizza white large young mouth hat man
922,thing photo decorated sitting covered red made bag bed sign table brown white room large old birthday cake bedroom
923,food holding plate
924,indoor clothing bed white black laying man lying blanket cat sitting wearing shirt sleeping blue woman standing
925,food
926,indoor holding blue sitting hand remote woman green table yellow brush
927,text sitting refrigerator table white man room
928,text newspaper table sitting
929,indoor sitting room cat table living floor black man bedroom playing television young mirror standing video laying white woman holding remote kitchen game bed
930,indoor table sitting bed small white blanket laying room colorful food red plate sleeping cat phone
931,person indoor man blue wearing sitting white close holding blanket shirt cat glasses laying sleeping phone
932,indoor table wooden sitting clock brown water counter kitchen white board
933,indoor cabinet kitchen stove oven sitting table microwave small white food counter
934,photo food sitting laptop table baby computer man laying young bed blue refrigerator phone room sleeping
935,indoor sitting bottle table food glass wine laying plate phone pizza
936,cup car sitting indoor table coffee food man filled tray eating drinking glass dog laptop holding hot orange yellow beer blender computer desk hotdog airplane seat sandwich phone plane plate
937,indoor sitting food table small doughnut donut filled plate bowl sandwich oranges phone blue laying
938,indoor monitor laptop blurry computer screen television sitting table room desk phone video riding man
939,indoor food counter table sitting filled box refrigerator kitchen plate black bowl white fruit glass standing
940,indoor table red sitting food laying piece wooden lying plate cat pink phone
941,indoor sitting table laptop computer small man desk white television room standing woman cat kitchen young pizza
942,table cup coffee indoor sitting desk computer laptop wooden drink keyboard food paper book mouse black glass sandwich desktop phone white
943,outdoor sitting red small table hanging large light green white tree sun palm standing flower laying
944,photo man table old monitor large food people woman board television refrigerator playing sign riding white holding game pizza birthday standing remote room kitchen group
945,book food
946,standing white bird man holding woman playing red ball street field player game
947,person man wearing looking close glasses front standing pair someone eating young blue woman holding red yellow phone teeth shirt
948,indoor bottle table sitting food glass wine close wooden counter red computer sandwich
949,indoor table sitting computer cup food black laptop keyboard desk wooden cake plate red kitchen mouse white
950,indoor sitting laying book bed cellphone phone remote table lying control small black cat white
951,indoor table cup bottle sitting computer desk drink coffee keyboard book donut laptop food doughnut lotion open glass refrigerator sandwich phone mouse plate desktop remote white laying
952,black standing dark man white field night water laptop large player flying holding woman bed air cat riding ball street kite playing
953,indoor sitting book table filled cat laying
954,cellphone phone indoor sitting table small monitor black camera open holding red
955,indoor food sitting small holding close table black wearing man plate white
956,indoor person holding sitting bed table small pair yellow woman laptop board using wearing man computer young head white bag cutting room
957,indoor person sitting man holding brown white hand wearing table suit laying phone woman standing cat
958,person indoor holding hand man front sitting small using bed woman someone laying white remote phone
959,indoor sitting table old wooden kitchen bench machine room dirty restaurant pizza sink standing oven
960,indoor sitting book wooden table small desk wine food kitchen laying
961,plate table indoor food sitting white small bowl wooden fork empty cake holding knife laying fruit cut salad
962,person clothing man indoor standing looking shirt black front wearing holding dark camera dress woman mirror suit white young phone red cat blue room teeth
963,abstract window man light blurry mirror sitting sun dark reflection view white fire room street seat standing traffic red bus riding woman sign
964,person necktie wearing man shirt white dress red suit close black blue neck cat holding woman hat
965,person indoor holding man hand phone wearing chain black woman using cellphone white sitting face hat necklace teeth remote room
966,indoor sitting man room white device standing
967,indoor bed sitting blanket laying lying black small table pair made remote red room cat sleeping white blue
968,indoor table sitting food plate fork laying pair white wooden phone bed
969,indoor green table sitting small computer laptop sign white food kitchen
970,sitting black table phone laying close computer red man remote
971,indoor food filled table plate sitting topped oranges fruit bowl display yellow cake
972,sitting white table refrigerator
973,indoor black monitor sitting car small front clock close parked
974,indoor table sitting red kitchen counter food phone microwave large glass computer white refrigerator standing room oven pizza
975,object thing indoor table sitting clock front small wooden white large desk screen light room vase
976,indoor sitting white small microwave table oven sink
977,person man yellow clothing wearing shirt sweater looking glasses blue young standing eating holding red phone white
978,indoor table wooden sitting plate white small half empty bowl computer laying room cup
979,person indoor keyboard computer man sitting holding hand desk table front remote using monitor phone small screen black laptop standing mouse control red player white video
980,jumping man riding horse trick air blue doing ramp blurry white standing board
981,bottle food indoor green cup table sitting plate front computer bowl counter sandwich laptop hot glass
982,food table
983,indoor bed sitting small laying baby black little bag table laptop young computer remote stuffed man cat
984,indoor sitting table plate close laying black white wooden clock red food holding phone
985,text
986,indoor sitting table red holding shirt man white phone bag plate
987,indoor laptop table computer sitting kitchen counter box food desk wooden black old microwave keyboard laying white plate stove bed
988,monitor sign sitting light street screen white standing table night large computer phone man blue city
989,floor indoor sitting room standing cat black living woman white young playing kitchen laying table man night game holding sink oven
990,thing
991,person indoor table hand holding using small sitting pair man phone someone food
992,building outdoor animal mammal dog brown brick eating standing front street walking sidewalk sitting large frisbee water yellow mouth playing dirt grazing white field parked man
993,indoor cabinet sitting small kitchen standing table cat room wooden white man desk bed holding computer woman sink living laying oven bedroom playing blue
994,indoor bed bedroom photo room sitting painting small hanging white green laying corner table mirror yellow man woman cat sink
995,indoor small table holding bed sweater orange blanket woman covered room white shirt cake phone plate laying
996,food sitting paper table sign close red plate pizza white
997,indoor dog sitting brown cat small sleeping large laying lying computer black table mouth eating laptop white bed playing luggage standing
998,indoor sitting monitor game remote table video black holding television playing white
999,sitting food table red water orange white standing refrigerator man room
1000,food indoor cup sitting table small fruit can eating
1001,bottle indoor thing sitting toiletry lotion table open book close laying holding black food bear
1002,table sitting book bird board
1003,person indoor small sitting table book holding phone standing laying white man cat suitcase bag
1004,person indoor sitting man table holding pair laptop young playing woman umbrella food standing cat laying game
1005,indoor sitting book table food laying orange black remote laptop computer cat bed phone coffee
1006,indoor sitting table cellphone phone man white remote control computer room holding bag video mouse laying
1007,blue food white sitting black close small red train sign
1008,outdoor grass building sitting man side street road bench park table riding train platform board track white large standing bus doing
1009,indoor sitting food table small box laying book bed holding wooden fruit stuffed man refrigerator bear phone
1010,indoor sitting table small man black pair holding stuffed white room cat playing laying bed riding
1011,lotion
1012,computer sitting laptop front table keyboard desk black screen white holding man mirror red food cat
1013,indoor food bottle table sitting small filled donut holding banana phone fruit sandwich plate bed
1014,indoor bottle food sitting green table can counter kitchen filled small wine computer microwave keyboard white plate refrigerator blender desk
1015,indoor bed sitting small laying white black lying blanket woman man table young holding baby room remote cat red playing standing
1016,indoor coffee cup sitting bottle table food small kitchen laptop computer counter front white desk keyboard black microwave plate sink cat mouse refrigerator phone
1017,outdoor light street green traffic sitting garden table sign stop red corner city laptop signal yellow tree standing white game man
1018,bottle indoor sitting table food close laying phone glass holding sandwich red bear
1019,indoor thing object watch table man monitor front clock sitting desk screen large brown display holding black wooden room old standing white laying
1020,person indoor holding food hand small table red man front sitting using close woman playing baby young pink white coffee player
1021,person indoor holding man kitchen hand woman young standing phone table wearing mirror food refrigerator remote brushing sink
1022,indoor cabinet dog kitchen sitting standing small orange front food room table holding refrigerator boy brown playing young red laptop man large computer laying desk woman eating bed
1023,indoor sitting photo small man table woman black laptop holding young cat food pizza room
1024,indoor bottle table sitting counter kitchen food sink water desk man laptop holding phone white computer standing laying plate room blender
1025,indoor sitting small black table remote computer video phone
1026,sitting table cat food white room
1027,indoor sitting table food glass laying phone
1028,indoor table living sitting room food woman pizza plate television man people standing old kitchen dog laying playing fire
1029,food bottle table sitting green yellow small counter black water kitchen plastic holding laying glass fruit refrigerator plate honey man white pizza
1030,indoor table sitting counter kitchen food desk bowl white wooden mirror room sink cat refrigerator standing laying
1031,food
1032,indoor sitting sofa brown room living white laying stuffed dog bear remote cat
1033,indoor sitting computer laptop table refrigerator desk man keyboard food kitchen white sign holding room standing remote video
1034,bottle person indoor food holding wine table hand sitting someone cat
1035,abstract blur blurry table white
1036,indoor cellphone phone sitting table small laying holding
1037,dark sitting table black laptop man night white standing computer large light water woman holding red room field riding bed street flying player sign
1038,yellow indoor sitting bottle table food orange black small computer laying keyboard sandwich phone
1039,indoor table sitting small brown food desk white mirror bottle wooden lotion room red
1040,indoor sitting blue small man white table young standing cat holding room bag phone
1041,bottle indoor table sitting food wine computer small counter keyboard beer black desk water dog pizza laying white holding red kitchen man
1042,dark sitting man standing white black light laptop night computer large table room bed woman water holding cat flying red player field riding street ball playing kite laying
1043,indoor food sitting table brush
1044,indoor sitting table cat feet laptop laying computer shoes grey pair white black standing seat man sleeping bag room bed
1045,indoor building wooden floor sitting standing table front empty white room cat kitchen light laying oven man
1046,person man hand black holding colorful wearing white shirt yellow boy standing control green young red remote bed
1047,indoor monitor sitting front table screen computer black laptop green close cat white man desk red keyboard standing yellow laying clock train phone holding room playing
1048,indoor sitting bottle food table close front wine red counter black cat orange mirror glass desk computer laying white kitchen man
1049,fence building green cage woman holding girl young glass standing group ball
1050,remote game electronics video photo wii different white sitting playing black table television man control cellphone holding group
1051,bottle indoor person beverage table sitting food small man bed water refrigerator dog laptop laying woman computer young standing holding baby sandwich phone eating hot sleeping white room coffee cat kitchen people plate
1052,person indoor table food sitting hand cake holding sandwich woman cut white people laying dog plate blue
1053,indoor black sitting white small dark apple close table red computer green large fruit tattoo blue room blurry cat
1054,indoor person sitting table laying bed man holding red white phone
1055,indoor bottle sitting food table wine front counter white kitchen wooden black computer room mug standing
1056,table sitting food
1057,indoor table sitting laying white old game computer phone mouse holding video bed man room
1058,dog indoor mammal brown animal looking sitting close laying front orange blanket cat white large head laptop red bed standing stuffed bear
1059,indoor sitting computer table laptop monitor screen open keyboard front desk black cat mouse video white laying playing room desktop holding game blue man standing
1060,piece luggage suitcase bag small shoes sitting pair blue wearing little black laying standing lying suit holding cat shirt young man red woman phone white
1061,indoor sitting dirty white table room water cat
1062,table indoor cup sitting food glass doughnut donut counter filled cake blender wooden cutting fruit oranges large cut kitchen desk computer clear plate white pitcher
1063,indoor bottle sitting kitchen counter table food microwave small toothbrush filled blue wine computer keyboard desk oven glass bowl white blender refrigerator sandwich plate laying stove
1064,bottle food table sitting bed green laying standing plate water phone white
1065,person indoor hand man holding sitting small food cat woman blurry table yellow remote laying teeth blue white brushing
1066,indoor sitting bed laying table red stuffed bear blanket cat
1067,indoor table computer laptop sitting desk open keyboard black mouse phone food man knife kitchen player remote laying
1068,indoor mirror view white sitting black looking monitor television screen reflection man red food cat blue room
1069,indoor cup sitting coffee table small desk black counter microwave white clock food bottle blender kitchen
1070,indoor sitting bed small room cat table laying living white food dog black television bedroom computer desk oven holding playing standing kitchen sleeping man pizza plate remote
1071,indoor monitor table sitting computer desk black wooden screen keyboard
1072,
1073,indoor table bottle food sitting cup red water plastic filled wooden computer phone holding sandwich white man
1074,indoor bottle looking mirror sitting view food close front monitor seen reflection hand wine keyboard screen computer clock red glass white
1075,indoor shirt white curtain sitting baseball man mirror wearing cat standing table black shower sink yellow phone room
1076,looking sitting mirror blurry reflection standing white room cat clock
1077,indoor sitting book table food donut remote laying sign
1078,indoor bottle table sitting glass orange wine surface food empty close lotion brown laying yellow red white
1079,indoor bottle table sitting food small close holding teeth cat laying
1080,indoor table flower book sitting small white filled displayed stuffed covered vase old bear red group
1081,thing monitor television screen man hanging people meter holding video group phone street standing
1082,indoor person man looking bed white sitting dark face mouth blanket wearing shirt laying cat large woman sleeping black holding grey young head teeth baby hat red phone brushing room standing night
1083,indoor sitting table filled desk counter food holding computer kitchen man room standing
1084,table bottle indoor sitting cup water food glass small wooden white sandwich phone laying
1085,indoor red sitting close black white table man
1086,photo indoor room white sitting decorated posing table hanging office painting many covered desk man painted young bed woman bedroom living sink kitchen blue refrigerator laying
1087,indoor table bottle sitting open plastic small cellphone used laying counter phone holding brush blue
1088,indoor sitting small red table orange white food clock room man plate sign
1089,bottle indoor toothbrush brush sitting food teeth photo open close small black laying plastic different table lotion brushing clock
1090,indoor holding food table sitting black hand small monitor apple red screen television man phone young woman standing cat room
1091,person indoor sitting man holding hand table using desk computer phone remote white room
1092,brown dog standing cat sitting eating large white horse head close laying sleeping orange table bed bag room
1093,person holding hand man front open cutting close screen food woman cut phone teeth white
1094,person indoor food table man sitting front eating cat black plate holding standing woman young white dog room
1095,sitting food close black red holding plate cat white
1096,person man shirt wearing young holding glasses standing white blue dog street riding
1097,indoor sitting table small piece white old wooden plate board holding man standing laying bed
1098,person clothing indoor man sitting looking wearing front sweater hat phone holding standing shirt gray donut glasses green head young cat white blue
1099,sitting green table orange laying cat food white
1100,outdoor yellow plant flower sitting water tree vase filled table bench bunch large red wooden field street boat group standing bus sign fire white
1101,sitting yellow cat man standing fruit white orange black room red woman large table food young playing
1102,person indoor clothing man suit shirt wearing photo mirror front red black sitting standing holding room phone glasses table white cat blue
1103,indoor person sitting laying table bed man white yellow remote blue cat
1104,man large people standing flying plane room bed
1105,indoor table bottle sitting cup coffee food red beer glass sandwich desk wine computer kitchen laying wooden counter plate white keyboard phone hotdog room standing
1106,indoor window sitting table light dark room lit black bed large desk white mirror clock
1107,indoor mirror white black sitting hanging food room
1108,sitting laptop black table computer yellow white food laying bed man
1109,person indoor holding food small hand sitting fruit table black plate man white red
1110,table cutting sitting wooden knife food board
1111,indoor sitting white small black table light computer microwave
1112,food indoor table sitting tray filled banana sandwich fruit covered plate cake bed laying
1113,food indoor sitting table doughnut paper donut piece filled plate covered close cheese wrapped bun white pizza
1114,indoor game table computer video sitting mouse desk electronic wii remote laptop white keyboard playing bed holding room
1115,indoor cup sitting bottle table small white red toothbrush food counter orange laying brush
1116,person indoor sitting holding woman using front man table laptop remote white laying blue cat phone
1117,sitting food table small cat close man black computer yellow phone white remote kitchen blue
1118,indoor food box doughnut container sitting donut tray open table filled fruit laying white oranges bed phone
1119,man dark black laptop standing sitting bed game cat computer room white ball wearing screen red suit light player table holding night large laying field flower
1120,outdoor water man large walking white holding table standing woman riding people air elephant flying
1121,indoor small sitting refrigerator microwave white stove oven mirror kitchen room standing clock
1122,sitting car white small black dark night light sink remote laying brush phone
1123,indoor sitting small table food kitchen white brown wooden red water plate refrigerator room standing
1124,indoor food sitting laying table soup lying bag close holding wrapped bed red phone
1125,indoor table sitting food wooden red fruit bed plate laying
1126,indoor table sitting food small cake close white plate red remote blue
1127,indoor bottle food beverage sitting table blue counter holding close man kitchen red white plate
1128,indoor flower plant red colored table colorful sitting different close decorated topped hanging white covered green wooden dog holding room vase
1129,sitting table different computer man television
1130,indoor table sitting electronics pink purple monitor cellphone phone small front computer black holding desk laying
1131,food indoor hot fries dog photo table sitting pasta front plate hotdog bun sandwich sign cheese
1132,wearing laying group man white
1133,
1134,person indoor man black sitting woman holding front shirt using laptop red white remote phone wearing table standing young computer cat laying blue bed game room playing
1135,indoor person refrigerator photo standing young door small man board white covered holding surfing room sink
1136,cellphone indoor phone sitting table surface blanket small laying black old device bed lying white remote computer
1137,table bottle indoor food sitting cake glass water birthday blue laying red
1138,person indoor clothing man sitting young laying holding table boy shirt laptop lying woman computer standing little purple bed blue wearing room playing white sleeping umbrella ball people cat video phone
1139,indoor table sitting coffee computer small desk laptop living wooden glass room white kitchen
1140,person appliance indoor holding front hand man camera sitting small table woman young video phone white standing living plate bed room
1141,building black rug blanket green large room sink cat laying
1142,food
1143,indoor sitting red table close keyboard food view remote mirror blurry control cat desk black computer brush woman holding teeth bottle pizza white kitchen laying man
1144,indoor table food cup coffee sitting plate holding keyboard hot small computer desk black man donut laptop bun meat fruit dog sandwich woman cutting phone hotdog mouse laying cheese bear white
1145,electronics monitor screen computer apple laptop sitting device
1146,indoor room living floor building sitting small table furniture young television playing standing large white door wooden dog holding laying man video game bedroom kitchen bed remote fire wii
1147,indoor sitting table banana cup yellow food black plastic counter glass computer phone blender
1148,person photo man group people woman standing large holding red
1149,sitting white laying table food red phone
1150,food cake small white plate sitting table display holding close fruit
1151,indoor sitting black blue white computer monitor standing large table room laying man cat air bed night
1152,sweater shirt hat
1153,black man standing dark white field water player woman holding night flying large ball bed star air riding cat playing room street kite
1154,table indoor sitting piece food desk laptop wooden blue pair laying computer suitcase group
1155,indoor cat room living sitting table rug laying looking bed lying orange television large white dog standing red bedroom
1156,striped person zebra sitting woman shirt white bed cat pair group cutting standing laying wearing table people holding pizza phone kitchen man
1157,indoor table thing sitting small book wooden food laying
1158,person red young man shirt holding wearing baseball table boy front little food girl hand sitting donut remote eating standing phone hat pink white pizza teeth playing
1159,person indoor clock hand man holding monitor screen television small front sitting woman black bed white phone laying red playing game
1160,person indoor hand holding front phone man sitting close black laying laptop control remote computer young room refrigerator cellphone teeth bed brushing
1161,person hand close someone using holding black sitting computer laptop woman keyboard man white remote food laying
1162,computer sitting laptop table cat keyboard remote blurry white man
1163,person clothing sweater man shirt green wearing young holding phone standing
1164,person man holding young boy can hand board food doing standing trick laying riding
1165,indoor food sitting table filled small box banana plate laying fruit cake red coffee pizza
1166,cellphone electronics stereo indoor phone table sitting holding camera black orange water wooden old player cat
1167,black photo man computer phone laying white shirt bed
1168,white sitting man table bed room light
1169,indoor table sitting small mirror plane white large desk airplane blue sink
1170,indoor laptop computer sitting table open desk keyboard small mouse black white wooden
1171,sign sitting clock black monitor man hanging television white table red room computer large standing refrigerator street phone train
1172,indoor bottle sitting food table counter open filled glass wine laying kitchen
1173,doughnut paper cat sitting laying orange donut food bag
